course_id,courseIndex
425338,0
1270222,1
349144,2
1197810,3
804298,4
818958,5
151956,6
311638,7
368679,8
1005312,9
323950,10
647564,11
674608,12
77896,13
944886,14
972704,15
1091360,16
1156778,17
1189926,18
705890,19
934570,20
986742,21
1013314,22
1232312,23
176432,24
552598,25
681390,26
703770,27
967058,28
1036456,29
1133648,30
1148342,31
1164570,32
1255114,33
655958,34
805882,35
8324,36
873844,37
917432,38
953490,39
1031626,40
1080466,41
1093734,42
1131780,43
173548,44
198690,45
338926,46
348920,47
366608,48
397946,49
403764,50
416738,51
430992,52
474076,53
532572,54
538540,55
760698,56
765238,57
846962,58
876544,59
948440,60
956888,61
971260,62
1002272,63
116128,64
1260288,65
201812,66
399640,67
400130,68
473622,69
485889,70
590406,71
630734,72
752658,73
833770,74
861742,75
945336,76
951060,77
993160,78
996320,79
1013190,80
1025026,81
1103718,82
1139400,83
114518,84
1251582,85
1266306,86
308696,87
309370,88
34332,89
401784,90
452514,91
498488,92
639654,93
659918,94
793246,95
870936,96
892898,97
929016,98
937134,99
937206,100
1028030,101
1035923,102
1039930,103
1049092,104
1062686,105
1147064,106
1174084,107
1217948,108
1254172,109
133968,110
218540,111
26956,112
315716,113
378464,114
397204,115
403602,116
471328,117
472592,118
474238,119
484670,120
496302,121
515326,122
551702,123
580466,124
597256,125
597868,126
606494,127
624118,128
627540,129
627782,130
629044,131
636842,132
722174,133
738900,134
743932,135
761584,136
774174,137
858064,138
861444,139
895394,140
939636,141
1027276,142
1042110,143
1078522,144
1120554,145
1131122,146
1133764,147
1137310,148
1141560,149
1174086,150
1259422,151
1264512,152
147104,153
178602,154
188418,155
241590,156
304410,157
356840,158
382786,159
467238,160
468182,161
47504,162
476988,163
497268,164
537884,165
55569,166
612528,167
64585,168
649404,169
679238,170
73080,171
735550,172
749542,173
760306,174
769314,175
770622,176
797038,177
797762,178
820086,179
82412,180
863812,181
893056,182
899702,183
934574,184
936504,185
971022,186
971962,187
1031780,188
1033686,189
1055424,190
1062092,191
1102462,192
1134842,193
113712,194
1170894,195
1174974,196
1244302,197
132950,198
152244,199
153230,200
204014,201
25794,202
263846,203
304420,204
318638,205
323196,206
348116,207
353224,208
375830,209
379682,210
380206,211
380582,212
380668,213
387348,214
390866,215
420982,216
428220,217
447362,218
482924,219
521234,220
537886,221
548764,222
551964,223
568524,224
591116,225
599684,226
602218,227
607362,228
613422,229
629704,230
667122,231
688872,232
720356,233
725566,234
736836,235
73898,236
761770,237
777654,238
781532,239
794036,240
796450,241
802268,242
806922,243
830834,244
834422,245
855764,246
874166,247
883000,248
899240,249
911474,250
918688,251
918870,252
921474,253
955748,254
975982,255
990532,256
1009068,257
1037666,258
1046722,259
105350,260
1066002,261
1103526,262
1136038,263
1147458,264
1147664,265
1165096,266
1170198,267
1171994,268
1178150,269
1182624,270
1208638,271
1226518,272
1227578,273
1273896,274
139778,275
146450,276
147404,277
184780,278
226084,279
233900,280
24334,281
25615,282
281844,283
284076,284
304424,285
309820,286
326326,287
340844,288
342084,289
375136,290
380542,291
386922,292
403106,293
413713,294
419318,295
446736,296
471136,297
524248,298
549094,299
561800,300
563668,301
619296,302
621014,303
621022,304
625204,305
636418,306
638966,307
643970,308
645634,309
647520,310
72262,311
738552,312
741388,313
759130,314
761768,315
76524,316
766592,317
775252,318
780056,319
782430,320
787340,321
812914,322
824020,323
834114,324
902888,325
903140,326
907416,327
910838,328
912254,329
927336,330
92760,331
931152,332
937150,333
944594,334
947120,335
951608,336
95176,337
959604,338
963412,339
986832,340
987865,341
994754,342
1009166,343
101498,344
1015308,345
1029554,346
1032234,347
1032648,348
1039062,349
1047408,350
1057242,351
1058852,352
1084894,353
1089744,354
1102962,355
1113442,356
1142428,357
1153854,358
1216554,359
1219814,360
1232382,361
1233350,362
1253224,363
129274,364
132570,365
139788,366
15611,367
160322,368
179446,369
185528,370
193916,371
200722,372
212438,373
217628,374
218856,375
222976,376
238934,377
239268,378
286898,379
287010,380
294794,381
311846,382
322332,383
328476,384
347104,385
34882,386
355622,387
358062,388
358508,389
373716,390
441112,391
455452,392
459926,393
471588,394
476256,395
476408,396
495484,397
507726,398
524748,399
540724,400
547190,401
556076,402
560990,403
570188,404
57415,405
582392,406
585946,407
588764,408
590622,409
598722,410
611688,411
637974,412
642060,413
645890,414
654680,415
674352,416
682060,417
687642,418
691180,419
710486,420
724596,421
736250,422
739390,423
746014,424
754028,425
767656,426
771276,427
778226,428
779678,429
787236,430
79154,431
807874,432
812370,433
814474,434
854764,435
855172,436
857162,437
859446,438
877106,439
882128,440
883002,441
886300,442
888698,443
90132,444
923902,445
929130,446
939882,447
949134,448
958132,449
99986,450
1004788,451
101500,452
1022032,453
1046992,454
1092766,455
1101806,456
1102396,457
1103590,458
1104496,459
1106148,460
1107904,461
1112844,462
1123226,463
1131732,464
1140232,465
1149564,466
1149656,467
1165780,468
1198704,469
1209556,470
1227748,471
1241254,472
1245356,473
1245392,474
1248974,475
1249968,476
1263966,477
1275790,478
174800,479
180360,480
180547,481
185266,482
186556,483
192724,484
195576,485
196620,486
200598,487
280842,488
308694,489
323916,490
327788,491
352782,492
360916,493
385684,494
407984,495
421054,496
422546,497
425910,498
429364,499
446478,500
448250,501
459468,502
46010,503
466632,504
470288,505
497236,506
514496,507
541824,508
545036,509
545524,510
546832,511
55136,512
552594,513
560218,514
574082,515
576646,516
589778,517
595876,518
60792,519
610202,520
636846,521
640164,522
652438,523
656522,524
657734,525
662996,526
665278,527
669536,528
671552,529
673016,530
692658,531
695656,532
700080,533
702278,534
705444,535
712960,536
713098,537
721274,538
73962,539
743846,540
76052,541
764164,542
764534,543
773144,544
796188,545
802038,546
822514,547
823236,548
828042,549
829206,550
832832,551
833398,552
837798,553
846832,554
854690,555
857270,556
895096,557
895244,558
902476,559
904076,560
922600,561
947498,562
948204,563
952106,564
968292,565
988678,566
993754,567
994050,568
996612,569
997128,570
1007766,571
1008100,572
1020760,573
1021760,574
1035472,575
1036766,576
1046768,577
1078208,578
1089062,579
1107986,580
1113008,581
11174,582
1119920,583
1128050,584
1142202,585
1149334,586
1150468,587
1158572,588
1172370,589
1182330,590
1189592,591
1200856,592
1201054,593
1210098,594
1220862,595
1223012,596
1232728,597
1234656,598
1240408,599
1265678,600
1272282,601
1274210,602
1276364,603
12975,604
137650,605
139772,606
148028,607
155344,608
172898,609
181268,610
184324,611
197828,612
212376,613
214828,614
219878,615
223884,616
236080,617
247558,618
253246,619
255878,620
26845,621
27681,622
286424,623
306360,624
317278,625
326948,626
339560,627
342398,628
364206,629
364616,630
373556,631
389108,632
396890,633
398456,634
409818,635
414246,636
427530,637
431576,638
447136,639
460652,640
463834,641
499632,642
499904,643
504036,644
521342,645
568322,646
569436,647
575040,648
576108,649
581662,650
584468,651
585174,652
585496,653
585566,654
586490,655
592606,656
593128,657
595818,658
596026,659
610890,660
618586,661
624356,662
631472,663
632702,664
637066,665
644654,666
64605,667
648118,668
653754,669
655300,670
663702,671
678142,672
682986,673
690966,674
69414,675
696616,676
709500,677
712994,678
713492,679
717278,680
725906,681
739972,682
742764,683
769340,684
774570,685
787508,686
788722,687
791610,688
793000,689
799434,690
808622,691
812602,692
814068,693
831170,694
8325,695
837722,696
867440,697
873386,698
874656,699
876396,700
883138,701
883706,702
885443,703
889438,704
904144,705
910650,706
916902,707
917724,708
943426,709
943724,710
969170,711
975074,712
978272,713
993148,714
995562,715
996542,716
1003568,717
1005658,718
101038,719
1024800,720
1033670,721
1035402,722
1035940,723
1045886,724
1052180,725
1053406,726
1085646,727
1087244,728
1101204,729
1103272,730
1110470,731
1111552,732
1142570,733
1149202,734
1151092,735
1153876,736
1158854,737
1164876,738
1170074,739
1196700,740
1198166,741
1199774,742
1206414,743
1207382,744
1223570,745
1247828,746
1247992,747
136244,748
155616,749
173134,750
178776,751
188498,752
19421,753
200854,754
212398,755
217010,756
217540,757
231256,758
249934,759
26648,760
282050,761
30243,762
327666,763
331600,764
357726,765
364810,766
368786,767
371828,768
373636,769
385604,770
391546,771
399938,772
410196,773
412856,774
415802,775
418386,776
420652,777
42643,778
433084,779
460056,780
465210,781
486412,782
49553,783
510098,784
511838,785
511934,786
525114,787
544176,788
544234,789
551962,790
555340,791
559046,792
577198,793
579642,794
58977,795
592122,796
59535,797
601230,798
611518,799
618334,800
622122,801
62497,802
628440,803
631276,804
635570,805
640100,806
64422,807
647338,808
65492,809
660876,810
66383,811
672086,812
672894,813
690788,814
709160,815
725658,816
729128,817
734280,818
737514,819
738910,820
740764,821
753154,822
782458,823
786494,824
791574,825
792216,826
793234,827
794398,828
812616,829
826912,830
834924,831
835346,832
854696,833
859422,834
863954,835
863998,836
871682,837
890810,838
895040,839
900434,840
900794,841
904462,842
906760,843
907966,844
925854,845
927186,846
936328,847
961996,848
965870,849
967380,850
968026,851
970462,852
972126,853
976284,854
987064,855
1008246,856
1009802,857
1010274,858
1013676,859
1014776,860
1033944,861
1034414,862
1046724,863
1050168,864
1073793,865
1075366,866
1079624,867
1090408,868
1095488,869
109622,870
1100054,871
1110256,872
1124590,873
1125728,874
1134390,875
113888,876
1144726,877
1152012,878
1154754,879
1163894,880
1171966,881
1180960,882
1186514,883
1187084,884
1191504,885
1195812,886
1202746,887
1209694,888
1216340,889
1221942,890
1223336,891
1233894,892
1252318,893
1271182,894
128946,895
133536,896
145220,897
166842,898
177584,899
180362,900
188692,901
192870,902
197610,903
199450,904
20150,905
202290,906
212394,907
214046,908
214794,909
219838,910
226534,911
231176,912
248338,913
255604,914
257996,915
263818,916
269638,917
276680,918
288466,919
288850,920
289230,921
294294,922
295843,923
302468,924
303514,925
313512,926
32033,927
324656,928
325834,929
32649,930
331970,931
335902,932
344348,933
356060,934
380178,935
396238,936
400280,937
400464,938
400976,939
410576,940
410974,941
421546,942
450246,943
455054,944
459946,945
466774,946
473474,947
474928,948
476324,949
481002,950
489146,951
492344,952
495958,953
496430,954
499504,955
501502,956
508796,957
517938,958
525034,959
527952,960
53256,961
535650,962
543242,963
552606,964
553832,965
561774,966
564268,967
570416,968
570996,969
576694,970
579182,971
579202,972
587902,973
59014,974
592352,975
597084,976
59725,977
598266,978
600206,979
603902,980
619786,981
624662,982
628356,983
632488,984
645714,985
65113,986
661774,987
661780,988
662318,989
673142,990
676764,991
681692,992
682484,993
684794,994
70640,995
716828,996
718338,997
71912,998
725872,999
737182,1000
737468,1001
738726,1002
739770,1003
74028,1004
747552,1005
74782,1006
753940,1007
771880,1008
77532,1009
775618,1010
778112,1011
783748,1012
786984,1013
79120,1014
791436,1015
797832,1016
803378,1017
806536,1018
807494,1019
810576,1020
812610,1021
818786,1022
831066,1023
835082,1024
835616,1025
835712,1026
836044,1027
850294,1028
855816,1029
856526,1030
866528,1031
872262,1032
876646,1033
877968,1034
893978,1035
894336,1036
903326,1037
907408,1038
911318,1039
913194,1040
915206,1041
925286,1042
931626,1043
933818,1044
938260,1045
947116,1046
951304,1047
963664,1048
967424,1049
977474,1050
978850,1051
983418,1052
986272,1053
990440,1054
991290,1055
993510,1056
997814,1057
99946,1058
1000136,1059
1000988,1060
1004008,1061
1006314,1062
1006894,1063
1030440,1064
1034080,1065
1036170,1066
1036338,1067
1036400,1068
1047508,1069
1049344,1070
1051570,1071
1052518,1072
1056848,1073
1088924,1074
1104492,1075
1106646,1076
1115128,1077
1120410,1078
112296,1079
1125814,1080
1127048,1081
1134864,1082
1137738,1083
1145206,1084
1160066,1085
1164832,1086
1167710,1087
1168910,1088
1172166,1089
1178394,1090
119276,1091
1194244,1092
1199780,1093
1207112,1094
1218552,1095
1221032,1096
1225674,1097
1229488,1098
1233314,1099
1239022,1100
128384,1101
131562,1102
134144,1103
139784,1104
149042,1105
149728,1106
153926,1107
155640,1108
161986,1109
164554,1110
180384,1111
184088,1112
18448,1113
185526,1114
188064,1115
190816,1116
21080,1117
242574,1118
245722,1119
255046,1120
270808,1121
270976,1122
285638,1123
302562,1124
304414,1125
307080,1126
30911,1127
310652,1128
326338,1129
334820,1130
361286,1131
362360,1132
362530,1133
364034,1134
364986,1135
365926,1136
369132,1137
385462,1138
387064,1139
398224,1140
406820,1141
411168,1142
42491,1143
425126,1144
429080,1145
429662,1146
430968,1147
431562,1148
43291,1149
436568,1150
445916,1151
459888,1152
472526,1153
505780,1154
510178,1155
510784,1156
514036,1157
516062,1158
520870,1159
521072,1160
537008,1161
537282,1162
543212,1163
546924,1164
548068,1165
555952,1166
558432,1167
56970,1168
572268,1169
575644,1170
582390,1171
585752,1172
597424,1173
602450,1174
602812,1175
606756,1176
606928,1177
613944,1178
625920,1179
631128,1180
631416,1181
634754,1182
637402,1183
646918,1184
647442,1185
650328,1186
65110,1187
654422,1188
661878,1189
669270,1190
673702,1191
680180,1192
701570,1193
701634,1194
718426,1195
722682,1196
73030,1197
736940,1198
74004,1199
742392,1200
743914,1201
744696,1202
746432,1203
751230,1204
756050,1205
756520,1206
759262,1207
762374,1208
762648,1209
763100,1210
765056,1211
771044,1212
774910,1213
777650,1214
783778,1215
784544,1216
804096,1217
808808,1218
813142,1219
813360,1220
822444,1221
830870,1222
836926,1223
856530,1224
860656,1225
865438,1226
869448,1227
872816,1228
882276,1229
889066,1230
891490,1231
895030,1232
895936,1233
899534,1234
914164,1235
917176,1236
920306,1237
930416,1238
933394,1239
950750,1240
956102,1241
959144,1242
964118,1243
968278,1244
990284,1245
993134,1246
993146,1247
997916,1248
997964,1249
1004512,1250
1008098,1251
1012262,1252
1013762,1253
1013838,1254
101864,1255
1019276,1256
1029440,1257
103662,1258
1046540,1259
1047436,1260
1062048,1261
1072156,1262
1075662,1263
108384,1264
1087466,1265
1089610,1266
1093446,1267
1095116,1268
1099956,1269
1103448,1270
1104858,1271
1105794,1272
1119092,1273
1122792,1274
1134330,1275
1138162,1276
1143148,1277
1144288,1278
1159822,1279
1165016,1280
1165268,1281
1179104,1282
1182108,1283
1184664,1284
1201912,1285
1211198,1286
1216132,1287
1223000,1288
1225030,1289
1225564,1290
1226332,1291
1237912,1292
1252410,1293
1257502,1294
1266148,1295
1269590,1296
1277924,1297
144222,1298
145178,1299
145812,1300
151027,1301
15467,1302
158140,1303
158444,1304
16714,1305
179820,1306
180680,1307
185500,1308
194692,1309
206592,1310
206986,1311
215728,1312
220604,1313
231970,1314
246154,1315
252396,1316
255592,1317
260066,1318
260900,1319
263672,1320
264396,1321
286508,1322
306556,1323
320798,1324
341952,1325
368340,1326
369662,1327
371490,1328
371896,1329
392526,1330
399170,1331
40039,1332
409618,1333
41961,1334
42642,1335
43319,1336
438420,1337
443502,1338
445102,1339
446022,1340
446134,1341
446936,1342
452092,1343
452182,1344
452684,1345
455680,1346
457206,1347
463354,1348
464844,1349
465870,1350
467408,1351
475214,1352
478598,1353
486240,1354
492954,1355
504316,1356
512000,1357
516394,1358
520116,1359
520302,1360
530768,1361
536166,1362
537748,1363
545918,1364
54677,1365
556248,1366
560472,1367
56259,1368
56513,1369
56585,1370
56926,1371
599532,1372
601260,1373
601912,1374
610812,1375
615084,1376
615920,1377
619792,1378
628798,1379
639126,1380
64078,1381
641236,1382
645202,1383
646056,1384
65033,1385
651780,1386
652376,1387
657518,1388
65802,1389
667332,1390
671960,1391
672112,1392
673420,1393
674646,1394
681878,1395
685190,1396
708558,1397
711592,1398
719698,1399
721202,1400
722176,1401
723522,1402
724062,1403
730414,1404
730542,1405
737642,1406
73938,1407
745110,1408
745468,1409
749468,1410
760452,1411
765562,1412
772224,1413
773934,1414
774648,1415
77642,1416
781954,1417
782460,1418
785210,1419
803028,1420
803058,1421
805336,1422
814848,1423
817074,1424
823860,1425
826366,1426
834226,1427
851288,1428
870368,1429
872204,1430
909486,1431
919354,1432
920424,1433
928858,1434
933812,1435
953220,1436
954710,1437
955914,1438
958982,1439
960898,1440
965528,1441
970600,1442
975906,1443
978462,1444
98140,1445
985104,1446
989452,1447
993892,1448
994362,1449
995384,1450
997750,1451
998706,1452
1000116,1453
1002030,1454
1004134,1455
1008654,1456
1011550,1457
1016420,1458
1018380,1459
1020722,1460
1022108,1461
1023070,1462
1023668,1463
1024862,1464
103144,1465
1031648,1466
1047750,1467
1049760,1468
1064904,1469
1072248,1470
1082352,1471
1083784,1472
1084454,1473
1090194,1474
1090788,1475
1092632,1476
1104494,1477
1105216,1478
1111630,1479
1111844,1480
1113702,1481
1116700,1482
1121696,1483
112602,1484
1127944,1485
1132162,1486
1132342,1487
1158836,1488
1161118,1489
117004,1490
1177670,1491
1181578,1492
1181900,1493
1189280,1494
1191946,1495
1194426,1496
1196816,1497
1196852,1498
1210062,1499
1217778,1500
1219820,1501
1225686,1502
1228708,1503
1232390,1504
1236562,1505
1236576,1506
1236746,1507
1249146,1508
1250934,1509
1257870,1510
1258402,1511
1276182,1512
139792,1513
143028,1514
146454,1515
157336,1516
159388,1517
165964,1518
171598,1519
176136,1520
178640,1521
186096,1522
192726,1523
196164,1524
205810,1525
206332,1526
210020,1527
211714,1528
218596,1529
219306,1530
22445,1531
245822,1532
24815,1533
24877,1534
252950,1535
258232,1536
261148,1537
262818,1538
267560,1539
270844,1540
297742,1541
304000,1542
309854,1543
334838,1544
340362,1545
349586,1546
35131,1547
363404,1548
370752,1549
377370,1550
379722,1551
381828,1552
384318,1553
388164,1554
403078,1555
405926,1556
406504,1557
408894,1558
411778,1559
411986,1560
413180,1561
42040,1562
462474,1563
469678,1564
470412,1565
470472,1566
471428,1567
471446,1568
477250,1569
488220,1570
490392,1571
501960,1572
501996,1573
502240,1574
504620,1575
505144,1576
507778,1577
507992,1578
512400,1579
513958,1580
515260,1581
52457,1582
530092,1583
532140,1584
542254,1585
544944,1586
546124,1587
557436,1588
559204,1589
566920,1590
575676,1591
577796,1592
582636,1593
58791,1594
588264,1595
595728,1596
599652,1597
601092,1598
607056,1599
608436,1600
609642,1601
611308,1602
617158,1603
62252,1604
624016,1605
625670,1606
627706,1607
629142,1608
64173,1609
642410,1610
642940,1611
644914,1612
646906,1613
651032,1614
65493,1615
665866,1616
673196,1617
673750,1618
676432,1619
688092,1620
692812,1621
692920,1622
699376,1623
699382,1624
708696,1625
709324,1626
714724,1627
722274,1628
73044,1629
73068,1630
733878,1631
739964,1632
74016,1633
745120,1634
75182,1635
755932,1636
756150,1637
764042,1638
766320,1639
768028,1640
768940,1641
772618,1642
773174,1643
777276,1644
787096,1645
788720,1646
788756,1647
805630,1648
806020,1649
806642,1650
808542,1651
811452,1652
812588,1653
813516,1654
815672,1655
818572,1656
821788,1657
824034,1658
825186,1659
830994,1660
833182,1661
834836,1662
838418,1663
843620,1664
844458,1665
845518,1666
846156,1667
858762,1668
864482,1669
866796,1670
874012,1671
881062,1672
896858,1673
897162,1674
905096,1675
907716,1676
908664,1677
932804,1678
933814,1679
939536,1680
941310,1681
94532,1682
945750,1683
960786,1684
970252,1685
97338,1686
975910,1687
981684,1688
1019552,1689
1019918,1690
1027080,1691
1027678,1692
1029062,1693
1030774,1694
1031696,1695
1051430,1696
1051856,1697
1058262,1698
105972,1699
1068902,1700
1078254,1701
1083744,1702
1088178,1703
1093760,1704
1095700,1705
1105344,1706
1105778,1707
1107954,1708
1109736,1709
1109926,1710
1114164,1711
1117796,1712
1121650,1713
1123184,1714
1143032,1715
1148412,1716
1152334,1717
1155262,1718
1165588,1719
1166070,1720
1170690,1721
1193950,1722
1197650,1723
1198654,1724
1203894,1725
1205894,1726
1216164,1727
1219326,1728
1225194,1729
1228900,1730
1240148,1731
1243162,1732
1243474,1733
1246208,1734
1246622,1735
1249164,1736
1261122,1737
1261210,1738
1266468,1739
1267892,1740
130366,1741
138228,1742
158830,1743
168358,1744
173776,1745
175278,1746
177614,1747
179500,1748
199500,1749
211052,1750
211874,1751
213154,1752
213532,1753
213984,1754
214418,1755
219844,1756
228934,1757
240256,1758
258894,1759
258954,1760
284118,1761
288258,1762
298044,1763
311916,1764
312860,1765
317030,1766
322118,1767
326310,1768
332848,1769
334530,1770
339382,1771
343886,1772
352748,1773
364426,1774
367460,1775
368908,1776
37821,1777
403100,1778
40495,1779
405818,1780
412970,1781
414744,1782
416282,1783
416548,1784
420926,1785
422012,1786
42640,1787
430962,1788
430994,1789
434100,1790
439210,1791
439968,1792
442114,1793
442504,1794
455120,1795
455676,1796
459804,1797
464002,1798
464184,1799
466558,1800
477702,1801
498360,1802
501384,1803
502588,1804
502772,1805
505208,1806
511942,1807
511952,1808
515188,1809
519776,1810
520468,1811
521440,1812
528488,1813
528784,1814
530246,1815
537888,1816
556922,1817
562668,1818
564966,1819
567070,1820
570844,1821
573064,1822
581498,1823
584758,1824
586914,1825
592594,1826
594852,1827
598846,1828
602702,1829
604044,1830
611420,1831
611804,1832
633606,1833
63712,1834
638204,1835
640428,1836
648628,1837
648826,1838
650836,1839
651990,1840
658816,1841
663710,1842
676554,1843
680046,1844
687742,1845
693812,1846
700942,1847
701468,1848
707644,1849
711688,1850
713258,1851
716310,1852
723510,1853
723818,1854
72644,1855
731150,1856
733654,1857
739910,1858
741898,1859
743634,1860
745832,1861
752706,1862
757450,1863
760752,1864
769270,1865
772480,1866
780150,1867
785388,1868
789670,1869
792232,1870
806638,1871
806640,1872
807934,1873
811534,1874
81278,1875
833442,1876
834558,1877
834600,1878
851712,1879
852060,1880
854746,1881
866384,1882
866584,1883
869716,1884
874960,1885
875194,1886
882488,1887
884946,1888
892446,1889
902150,1890
904890,1891
906700,1892
909970,1893
912996,1894
913966,1895
919906,1896
923616,1897
932842,1898
942768,1899
945194,1900
945320,1901
946326,1902
948294,1903
954842,1904
960326,1905
964828,1906
976598,1907
979616,1908
982328,1909
986034,1910
994666,1911
998580,1912
1005610,1913
1007622,1914
1009254,1915
1009622,1916
1016996,1917
1023670,1918
1027342,1919
1040596,1920
1047968,1921
1048182,1922
1048496,1923
1053272,1924
1070968,1925
1076244,1926
1076424,1927
1077836,1928
1079040,1929
1094930,1930
1101522,1931
1111562,1932
1115126,1933
1115222,1934
1115504,1935
1116196,1936
1134456,1937
1134692,1938
113706,1939
1146368,1940
1151398,1941
1161864,1942
1164488,1943
1170626,1944
1177156,1945
1185535,1946
1195742,1947
1200374,1948
1211366,1949
1214670,1950
1217408,1951
1218130,1952
1224262,1953
1227322,1954
1231872,1955
1234108,1956
1239206,1957
1245244,1958
1246252,1959
1246684,1960
1276020,1961
130064,1962
134690,1963
140168,1964
15285,1965
159760,1966
165122,1967
16646,1968
173462,1969
173888,1970
179824,1971
190906,1972
196234,1973
197836,1974
205764,1975
207304,1976
211026,1977
212374,1978
212492,1979
212952,1980
214770,1981
244000,1982
256200,1983
258174,1984
277770,1985
294292,1986
295909,1987
297702,1988
297762,1989
297930,1990
302456,1991
30261,1992
308690,1993
314462,1994
314698,1995
316704,1996
317572,1997
323828,1998
326428,1999
327962,2000
331968,2001
333046,2002
338308,2003
343818,2004
344180,2005
349142,2006
352774,2007
361620,2008
364428,2009
365426,2010
365816,2011
371900,2012
378924,2013
379814,2014
380092,2015
380970,2016
382258,2017
382856,2018
406424,2019
41145,2020
413618,2021
422918,2022
442580,2023
444644,2024
449788,2025
456388,2026
45941,2027
459922,2028
471440,2029
473160,2030
475912,2031
480752,2032
488818,2033
517366,2034
523312,2035
528104,2036
531290,2037
531360,2038
534376,2039
53549,2040
537878,2041
538560,2042
54246,2043
546656,2044
550842,2045
551910,2046
551968,2047
552258,2048
554570,2049
559328,2050
571506,2051
572744,2052
574428,2053
580068,2054
581256,2055
581598,2056
585208,2057
589342,2058
593544,2059
594854,2060
597716,2061
59922,2062
599504,2063
614472,2064
614668,2065
628786,2066
634932,2067
638100,2068
640496,2069
644020,2070
647276,2071
654832,2072
656914,2073
657764,2074
658764,2075
660460,2076
666254,2077
670640,2078
691760,2079
696342,2080
698278,2081
705264,2082
707682,2083
709460,2084
719002,2085
720814,2086
726290,2087
732556,2088
744618,2089
757284,2090
760300,2091
766906,2092
771198,2093
772950,2094
773502,2095
773824,2096
805706,2097
822926,2098
825752,2099
831640,2100
835212,2101
842058,2102
849632,2103
850726,2104
851868,2105
854694,2106
856968,2107
857144,2108
863976,2109
871358,2110
873296,2111
873824,2112
874312,2113
876898,2114
877036,2115
880564,2116
896742,2117
897146,2118
897238,2119
908996,2120
909244,2121
920604,2122
926206,2123
928040,2124
929146,2125
929526,2126
932454,2127
934614,2128
936298,2129
939668,2130
944156,2131
944534,2132
944804,2133
944906,2134
945602,2135
945978,2136
948974,2137
951912,2138
955242,2139
957362,2140
966794,2141
975626,2142
975916,2143
978576,2144
98706,2145
988982,2146
992114,2147
996868,2148
1013380,2149
1017116,2150
1018530,2151
1028656,2152
1030976,2153
1031620,2154
1041176,2155
1062144,2156
1063722,2157
1072220,2158
1075808,2159
1079370,2160
1098994,2161
1105904,2162
1106490,2163
1110756,2164
1114470,2165
1124244,2166
1128560,2167
1132572,2168
1140532,2169
1146166,2170
1146288,2171
1151326,2172
1160004,2173
1168172,2174
1169062,2175
1174446,2176
1175694,2177
1178820,2178
1193056,2179
1196728,2180
1204590,2181
1210588,2182
1211800,2183
1216752,2184
1223310,2185
1230950,2186
1239068,2187
1241518,2188
1243016,2189
1243448,2190
1250742,2191
1253650,2192
1260674,2193
1265814,2194
1269190,2195
128950,2196
131512,2197
138004,2198
14571,2199
147908,2200
149602,2201
149716,2202
164102,2203
17349,2204
177214,2205
177912,2206
17887,2207
19164,2208
19653,2209
201894,2210
207166,2211
207408,2212
207440,2213
219756,2214
228268,2215
242382,2216
249376,2217
262370,2218
267286,2219
267984,2220
269006,2221
28172,2222
28556,2223
288256,2224
304422,2225
305368,2226
321410,2227
330900,2228
339086,2229
35409,2230
354324,2231
366514,2232
366720,2233
370440,2234
374566,2235
375594,2236
383204,2237
390096,2238
394832,2239
395652,2240
403468,2241
405488,2242
406922,2243
413494,2244
425084,2245
426196,2246
42645,2247
427066,2248
43441,2249
44836,2250
45136,2251
471352,2252
473548,2253
484896,2254
502204,2255
50587,2256
511378,2257
516064,2258
517148,2259
519694,2260
519952,2261
523216,2262
53211,2263
543090,2264
543346,2265
549064,2266
551072,2267
556068,2268
557208,2269
559438,2270
56058,2271
565384,2272
570848,2273
572270,2274
576636,2275
576946,2276
584410,2277
592338,2278
593460,2279
598970,2280
605074,2281
607048,2282
607360,2283
607800,2284
609992,2285
614510,2286
618396,2287
628876,2288
629060,2289
631754,2290
636548,2291
637842,2292
638980,2293
639848,2294
64739,2295
654038,2296
663022,2297
667744,2298
669174,2299
686430,2300
688874,2301
692722,2302
702800,2303
707688,2304
708578,2305
714188,2306
715476,2307
716136,2308
720072,2309
727510,2310
73860,2311
741316,2312
743884,2313
744034,2314
751100,2315
753610,2316
754524,2317
757900,2318
758216,2319
760990,2320
761122,2321
761808,2322
773156,2323
778084,2324
783438,2325
788796,2326
791414,2327
801486,2328
801702,2329
806122,2330
80940,2331
823494,2332
824592,2333
826168,2334
82778,2335
829962,2336
830568,2337
838320,2338
850426,2339
854692,2340
855188,2341
860812,2342
861528,2343
865630,2344
868686,2345
883324,2346
883828,2347
885342,2348
885974,2349
895302,2350
900472,2351
902300,2352
904240,2353
912946,2354
913768,2355
915964,2356
932274,2357
933816,2358
934790,2359
93850,2360
942366,2361
943306,2362
959586,2363
965832,2364
969348,2365
974954,2366
975060,2367
977516,2368
985922,2369
986406,2370
988804,2371
991416,2372
99826,2373
998872,2374
1000574,2375
1002210,2376
1002282,2377
1011058,2378
101234,2379
1013558,2380
1018358,2381
1021834,2382
1026206,2383
1034074,2384
1041426,2385
1041926,2386
1048188,2387
1057040,2388
1075570,2389
1079078,2390
1089652,2391
1097778,2392
1101382,2393
1113170,2394
1114060,2395
1119610,2396
1128662,2397
1143414,2398
1146014,2399
11475,2400
1151342,2401
1158690,2402
1162656,2403
1164720,2404
1169196,2405
1176460,2406
1182900,2407
1188410,2408
1196538,2409
1196544,2410
1198302,2411
1210652,2412
1214702,2413
12214,2414
1222836,2415
1226008,2416
1226182,2417
1229274,2418
1232282,2419
1232356,2420
1242604,2421
1251654,2422
1268616,2423
142666,2424
146852,2425
169144,2426
169662,2427
172298,2428
188584,2429
188604,2430
189160,2431
191854,2432
195196,2433
198660,2434
200742,2435
201472,2436
20387,2437
211780,2438
218416,2439
22825,2440
235104,2441
23861,2442
247940,2443
250902,2444
265960,2445
266004,2446
269082,2447
269830,2448
283014,2449
298522,2450
300466,2451
301686,2452
30318,2453
315812,2454
337072,2455
337320,2456
358326,2457
358998,2458
359926,2459
372442,2460
374590,2461
380596,2462
382824,2463
385686,2464
389834,2465
390510,2466
405840,2467
407796,2468
408118,2469
408440,2470
418732,2471
41884,2472
42251,2473
42634,2474
429482,2475
429866,2476
435626,2477
459207,2478
468726,2479
475032,2480
476000,2481
481696,2482
482208,2483
482404,2484
494800,2485
501412,2486
50522,2487
506568,2488
507486,2489
514398,2490
518188,2491
52118,2492
521952,2493
530436,2494
53277,2495
533458,2496
542028,2497
547298,2498
552504,2499
554136,2500
560662,2501
563708,2502
564446,2503
565000,2504
565282,2505
571730,2506
574974,2507
576722,2508
576906,2509
589248,2510
595258,2511
600486,2512
615204,2513
615226,2514
624578,2515
627772,2516
628606,2517
631480,2518
632368,2519
636858,2520
637452,2521
650222,2522
65596,2523
657050,2524
657710,2525
666322,2526
671548,2527
679158,2528
682514,2529
687248,2530
687466,2531
692268,2532
699380,2533
700140,2534
706670,2535
707054,2536
707224,2537
707962,2538
719920,2539
724824,2540
73046,2541
739090,2542
742106,2543
746366,2544
749686,2545
755680,2546
761938,2547
762482,2548
769390,2549
783158,2550
783746,2551
785328,2552
790034,2553
799912,2554
800148,2555
810234,2556
81064,2557
815482,2558
818990,2559
821526,2560
843536,2561
846210,2562
846214,2563
849896,2564
854756,2565
856490,2566
865634,2567
866696,2568
885413,2569
888852,2570
902480,2571
922092,2572
923184,2573
938560,2574
944550,2575
953442,2576
954036,2577
961774,2578
966268,2579
967422,2580
973932,2581
978728,2582
98066,2583
981600,2584
986442,2585
987666,2586
1000010,2587
100526,2588
1009452,2589
1021594,2590
1022582,2591
1041522,2592
1045726,2593
1054814,2594
1055322,2595
106358,2596
1067516,2597
1068590,2598
1070886,2599
1076920,2600
1094964,2601
1113036,2602
1113822,2603
1114722,2604
1123098,2605
1132694,2606
1135712,2607
1148774,2608
1167536,2609
1178226,2610
1189508,2611
1203040,2612
1214144,2613
121490,2614
1223240,2615
1242692,2616
1247394,2617
1248172,2618
1250824,2619
125162,2620
1254852,2621
153210,2622
162274,2623
172906,2624
17922,2625
180372,2626
181264,2627
182940,2628
185538,2629
191588,2630
19332,2631
198692,2632
199822,2633
20461,2634
206088,2635
222062,2636
249126,2637
255280,2638
260444,2639
264790,2640
273256,2641
278948,2642
30240,2643
328960,2644
32908,2645
336446,2646
363078,2647
364716,2648
368958,2649
385662,2650
389018,2651
389240,2652
392836,2653
403604,2654
413182,2655
42197,2656
425086,2657
437398,2658
454724,2659
461160,2660
470482,2661
476268,2662
484132,2663
489114,2664
494510,2665
501140,2666
513846,2667
517866,2668
525446,2669
527834,2670
529424,2671
552198,2672
563248,2673
572992,2674
574132,2675
575880,2676
579338,2677
583752,2678
586680,2679
591724,2680
591880,2681
596192,2682
598516,2683
615206,2684
616818,2685
618370,2686
631444,2687
632234,2688
63612,2689
638040,2690
641732,2691
642696,2692
644820,2693
648492,2694
650720,2695
651352,2696
653846,2697
653852,2698
657130,2699
661628,2700
663696,2701
683394,2702
691641,2703
692918,2704
720994,2705
722754,2706
733694,2707
737832,2708
738198,2709
742712,2710
747650,2711
753774,2712
764076,2713
767400,2714
770526,2715
773060,2716
782192,2717
791030,2718
795278,2719
796486,2720
802040,2721
809216,2722
818838,2723
822808,2724
824412,2725
826202,2726
826568,2727
832478,2728
838896,2729
839026,2730
839030,2731
876444,2732
881778,2733
888716,2734
899492,2735
901082,2736
905244,2737
907386,2738
908324,2739
924216,2740
933888,2741
936884,2742
937586,2743
941990,2744
958750,2745
959200,2746
965306,2747
967486,2748
971110,2749
975046,2750
978852,2751
980408,2752
991630,2753
994740,2754
1000966,2755
1003250,2756
1010988,2757
1015274,2758
1017568,2759
1022682,2760
1024844,2761
1026760,2762
1046940,2763
1052304,2764
106156,2765
1065250,2766
1069348,2767
1069866,2768
1073430,2769
1078520,2770
1086834,2771
1090870,2772
1115348,2773
1117834,2774
112314,2775
1124280,2776
1127988,2777
1133716,2778
1135126,2779
1141708,2780
1156530,2781
1159988,2782
1173716,2783
1188178,2784
118836,2785
1191750,2786
1193288,2787
1193538,2788
1208148,2789
1233302,2790
1240730,2791
1252630,2792
1256136,2793
125806,2794
130168,2795
138560,2796
147754,2797
151668,2798
158934,2799
16689,2800
174562,2801
174790,2802
200108,2803
20185,2804
214218,2805
260470,2806
260756,2807
266682,2808
275294,2809
28295,2810
288854,2811
297602,2812
298558,2813
302450,2814
303042,2815
313484,2816
315576,2817
324226,2818
336938,2819
352150,2820
353044,2821
369726,2822
371574,2823
372416,2824
383852,2825
384928,2826
396204,2827
398798,2828
407658,2829
408232,2830
412108,2831
41890,2832
42146,2833
43778,2834
441016,2835
447210,2836
45139,2837
456988,2838
46524,2839
467186,2840
46933,2841
479496,2842
479760,2843
482534,2844
493014,2845
495678,2846
496006,2847
49798,2848
500628,2849
513046,2850
515262,2851
517466,2852
518870,2853
519442,2854
520766,2855
53556,2856
536780,2857
544556,2858
552058,2859
552650,2860
560996,2861
561188,2862
563020,2863
563650,2864
564546,2865
566678,2866
566910,2867
578750,2868
583224,2869
584522,2870
590794,2871
598094,2872
602032,2873
608090,2874
616564,2875
617886,2876
617976,2877
620372,2878
622284,2879
62721,2880
627332,2881
628222,2882
632136,2883
637840,2884
640062,2885
640426,2886
648350,2887
658276,2888
658766,2889
661814,2890
663810,2891
664764,2892
665042,2893
665686,2894
670034,2895
670376,2896
674040,2897
678150,2898
680044,2899
688244,2900
68876,2901
689868,2902
704732,2903
720144,2904
720300,2905
721746,2906
729552,2907
730702,2908
742300,2909
758208,2910
759972,2911
762240,2912
770486,2913
778682,2914
788514,2915
798740,2916
803074,2917
808292,2918
808506,2919
814206,2920
832410,2921
837950,2922
838260,2923
852426,2924
861566,2925
862428,2926
867682,2927
876850,2928
880202,2929
888668,2930
917172,2931
920544,2932
92194,2933
931588,2934
93484,2935
939962,2936
941998,2937
946310,2938
950748,2939
955194,2940
955818,2941
967410,2942
970874,2943
975414,2944
99324,2945
994312,2946
996888,2947
1002676,2948
1008054,2949
1009236,2950
1023196,2951
1023650,2952
1026762,2953
1027812,2954
1036028,2955
104304,2956
1052118,2957
1058530,2958
1068664,2959
1076222,2960
1085064,2961
1085580,2962
1088656,2963
1102436,2964
1107524,2965
1108666,2966
1115132,2967
1116366,2968
1121580,2969
1123250,2970
1124276,2971
1128984,2972
1136446,2973
1139792,2974
1141614,2975
1145430,2976
1145736,2977
1153326,2978
115752,2979
116924,2980
1169848,2981
1170920,2982
1172740,2983
1193886,2984
1227792,2985
1249378,2986
1266892,2987
1271430,2988
151120,2989
167316,2990
181294,2991
212624,2992
217320,2993
23742,2994
239416,2995
249950,2996
271652,2997
294914,2998
297390,2999
326244,3000
327310,3001
344234,3002
355798,3003
366194,3004
379196,3005
388712,3006
392958,3007
399228,3008
405282,3009
417088,3010
42255,3011
42271,3012
424864,3013
42651,3014
429308,3015
429952,3016
435138,3017
436496,3018
44319,3019
443746,3020
451938,3021
462668,3022
469526,3023
471546,3024
471556,3025
476622,3026
476880,3027
477634,3028
492818,3029
494058,3030
509512,3031
514844,3032
515256,3033
520876,3034
529028,3035
529828,3036
53157,3037
532216,3038
537286,3039
542950,3040
546848,3041
554384,3042
555122,3043
575476,3044
576054,3045
577256,3046
584786,3047
597164,3048
611370,3049
629088,3050
634480,3051
647336,3052
647884,3053
651014,3054
655298,3055
659340,3056
660846,3057
690918,3058
693726,3059
696016,3060
701662,3061
702138,3062
706942,3063
708514,3064
735796,3065
737758,3066
742602,3067
743568,3068
743674,3069
745306,3070
749560,3071
752432,3072
754156,3073
755198,3074
760066,3075
768366,3076
777932,3077
782194,3078
783292,3079
783686,3080
803664,3081
809968,3082
823996,3083
832870,3084
851560,3085
859936,3086
861122,3087
862478,3088
862786,3089
868112,3090
877124,3091
903526,3092
909836,3093
924704,3094
927442,3095
933666,3096
941520,3097
94430,3098
953152,3099
954948,3100
961630,3101
961684,3102
964478,3103
968268,3104
968304,3105
970880,3106
983444,3107
986024,3108
987682,3109
995016,3110
999262,3111
1007396,3112
100916,3113
1016650,3114
1025536,3115
1027480,3116
1029322,3117
1031698,3118
1038786,3119
1039442,3120
1050632,3121
1053462,3122
1063430,3123
1068986,3124
1071060,3125
1080584,3126
109988,3127
1100628,3128
1100746,3129
1115064,3130
1144780,3131
1157298,3132
1176686,3133
1181652,3134
1185390,3135
1185936,3136
1187758,3137
1189288,3138
1190448,3139
1193536,3140
1199928,3141
1224186,3142
1231958,3143
123242,3144
1240522,3145
1270392,3146
130298,3147
179978,3148
188828,3149
19603,3150
201942,3151
21386,3152
221306,3153
235112,3154
256094,3155
269832,3156
288110,3157
301442,3158
302484,3159
311538,3160
344224,3161
363058,3162
365292,3163
37684,3164
38456,3165
392478,3166
394636,3167
395140,3168
412864,3169
41295,3170
412952,3171
419308,3172
436488,3173
441106,3174
443584,3175
445118,3176
445534,3177
446608,3178
482834,3179
494078,3180
508570,3181
513212,3182
513528,3183
513782,3184
516790,3185
518886,3186
519968,3187
530430,3188
548278,3189
553582,3190
574876,3191
581352,3192
594936,3193
596598,3194
600366,3195
625568,3196
629082,3197
635716,3198
637922,3199
652768,3200
656364,3201
662450,3202
666910,3203
672090,3204
676650,3205
683606,3206
697798,3207
713416,3208
723878,3209
733922,3210
743970,3211
753934,3212
757508,3213
758582,3214
764010,3215
767256,3216
773016,3217
773650,3218
789324,3219
789820,3220
793084,3221
797040,3222
80844,3223
809492,3224
812798,3225
822670,3226
828254,3227
842728,3228
845794,3229
846578,3230
848664,3231
860890,3232
86558,3233
902474,3234
905850,3235
922750,3236
933110,3237
935900,3238
936182,3239
947204,3240
966522,3241
976854,3242
980114,3243
982860,3244
984072,3245
1020244,3246
1021104,3247
1029436,3248
1032864,3249
1034520,3250
1035638,3251
1048302,3252
1082996,3253
1093608,3254
1109150,3255
1126016,3256
1160196,3257
1163644,3258
1169188,3259
1169378,3260
1171720,3261
1178762,3262
1188742,3263
1200874,3264
1250694,3265
132878,3266
139790,3267
19260,3268
208126,3269
212506,3270
218658,3271
235990,3272
281690,3273
282044,3274
286070,3275
292462,3276
297044,3277
304426,3278
304490,3279
319020,3280
320238,3281
328842,3282
368916,3283
372518,3284
383414,3285
388286,3286
396888,3287
402508,3288
41356,3289
434774,3290
436210,3291
469848,3292
479688,3293
494330,3294
506164,3295
507600,3296
512004,3297
520308,3298
530426,3299
550360,3300
559512,3301
561136,3302
564366,3303
566248,3304
593962,3305
599628,3306
615602,3307
628944,3308
637430,3309
648506,3310
65330,3311
660690,3312
674354,3313
677802,3314
679992,3315
696630,3316
709816,3317
714678,3318
738360,3319
744080,3320
749616,3321
750934,3322
763774,3323
769518,3324
791422,3325
792703,3326
810550,3327
821108,3328
824044,3329
829182,3330
831940,3331
832514,3332
832862,3333
851106,3334
856950,3335
858764,3336
861624,3337
866460,3338
869652,3339
881210,3340
884658,3341
891484,3342
902748,3343
904818,3344
921560,3345
923146,3346
933260,3347
938680,3348
949282,3349
953432,3350
955138,3351
963378,3352
974704,3353
991094,3354
994634,3355
998100,3356
101504,3357
1016388,3358
1024888,3359
106178,3360
1097288,3361
1104500,3362
1122224,3363
1122306,3364
1124970,3365
1129652,3366
113518,3367
1163242,3368
1185898,3369
1197206,3370
1246518,3371
1251786,3372
1253868,3373
1258666,3374
1262470,3375
130694,3376
147174,3377
148982,3378
159070,3379
16151,3380
177472,3381
192576,3382
19422,3383
214328,3384
233294,3385
258886,3386
283780,3387
286160,3388
31150,3389
332252,3390
364566,3391
381330,3392
382204,3393
398522,3394
41973,3395
427040,3396
439362,3397
456284,3398
475914,3399
47963,3400
48841,3401
504168,3402
525818,3403
529718,3404
531954,3405
533416,3406
566856,3407
578900,3408
603408,3409
619610,3410
619716,3411
625974,3412
628430,3413
631148,3414
642656,3415
667992,3416
669346,3417
690546,3418
742096,3419
765916,3420
779000,3421
780058,3422
787204,3423
787686,3424
811416,3425
820194,3426
861764,3427
907444,3428
920194,3429
922828,3430
94432,3431
957422,3432
963094,3433
964732,3434
997470,3435
1034636,3436
1051672,3437
1065198,3438
1084642,3439
1097486,3440
1103954,3441
11153,3442
1163768,3443
1190334,3444
1200530,3445
123566,3446
1257976,3447
1275872,3448
140368,3449
189996,3450
236070,3451
23683,3452
255170,3453
288942,3454
294408,3455
311530,3456
312834,3457
324224,3458
332690,3459
371074,3460
374652,3461
376712,3462
388104,3463
390472,3464
403628,3465
40670,3466
429366,3467
440006,3468
467426,3469
474212,3470
531710,3471
532836,3472
548044,3473
567558,3474
58653,3475
589900,3476
600316,3477
607876,3478
641868,3479
655198,3480
688968,3481
692176,3482
701636,3483
711210,3484
726314,3485
729464,3486
742142,3487
756914,3488
784478,3489
79364,3490
839032,3491
839536,3492
846412,3493
886614,3494
889824,3495
897314,3496
911712,3497
951050,3498
977470,3499
983534,3500
1012040,3501
1022796,3502
1027016,3503
1039596,3504
1042382,3505
1045862,3506
1122832,3507
1136912,3508
1179546,3509
1191088,3510
1217064,3511
139794,3512
212520,3513
217978,3514
221872,3515
273448,3516
280194,3517
283038,3518
343816,3519
390198,3520
402836,3521
421018,3522
441996,3523
461176,3524
46927,3525
49886,3526
505126,3527
50528,3528
516168,3529
519212,3530
532008,3531
551170,3532
563880,3533
615106,3534
65105,3535
65355,3536
661802,3537
671578,3538
708674,3539
740762,3540
741172,3541
768612,3542
782256,3543
794151,3544
815182,3545
825354,3546
831294,3547
83736,3548
843854,3549
868128,3550
929260,3551
935014,3552
956002,3553
961508,3554
994118,3555
1012096,3556
101496,3557
1016536,3558
1023062,3559
1037868,3560
1045942,3561
1049380,3562
1056242,3563
1064104,3564
1070976,3565
1153710,3566
1183094,3567
1211160,3568
1246636,3569
229360,3570
266252,3571
355374,3572
406054,3573
417914,3574
47004,3575
573716,3576
574194,3577
578534,3578
619856,3579
637176,3580
686764,3581
710420,3582
828596,3583
828740,3584
82960,3585
834606,3586
881378,3587
883394,3588
949504,3589
950894,3590
968056,3591
1156648,3592
1194232,3593
1201118,3594
1219520,3595
1246168,3596
138336,3597
242176,3598
384078,3599
482334,3600
484134,3601
522426,3602
522784,3603
699618,3604
704582,3605
709180,3606
709536,3607
715516,3608
746790,3609
839028,3610
840300,3611
859742,3612
922464,3613
941120,3614
1112604,3615
1204208,3616
1236254,3617
1274846,3618
13216,3619
178044,3620
185092,3621
335280,3622
372234,3623
393850,3624
648174,3625
674350,3626
681514,3627
796010,3628
829616,3629
884988,3630
885479,3631
943386,3632
947098,3633
1001010,3634
1088102,3635
1282064,3636
253810,3637
374404,3638
484872,3639
587232,3640
847808,3641
869312,3642
910624,3643
935108,3644
1105636,3645
1122146,3646
1164568,3647
1211960,3648
221920,3649
316750,3650
473338,3651
51752,3652
537896,3653
552700,3654
571394,3655
724436,3656
777444,3657
801186,3658
814200,3659
1215926,3660
140238,3661
1034560,3662
615600,3663
635248,3664
875882,3665
94428,3666
424770,3667
450068,3668
474150,3669
837322,3670
1038538,3671
